{
    "camera": {
        "position": {
            "x": 1.179546009728345,
            "y": 9.56006910318389,
            "z": 3.2453073801810803
        },
        "rotation": {
            "x": -1.3177982625424458,
            "y": -0.04796628924447378,
            "z": -0.18337447533549825
        }
    },
    "scene": {
        "position": {
            "x": -1.3,
            "y": 0.30000000000000004,
            "z": -0.5
        }
    },
    "bloomPass": {
        "threshold": 0.2819759442650243,
        "strength": 0.5155389467862797,
        "radius": 1
    }
}